<?xml version="1.0" encoding="UTF-8"?>
<project-private xmlns="http://www.netbeans.org/ns/project-private/1">
    <editor-bookmarks xmlns="http://www.netbeans.org/ns/editor-bookmarks/2" lastBookmarkId="0"/>
    <open-files xmlns="http://www.netbeans.org/ns/projectui-open-files/2">
        <group>
            <file>file:/C:/Users/antoninom/Documents/Java/Java/NetbeansProject/GuiMasterAuto/src/guimaster/NewAuto.java</file>
            <file>file:/C:/Users/antoninom/Documents/Java/Java/NetbeansProject/GuiMasterAuto/src/guimaster/Visualizza.java</file>
            <file>file:/C:/Users/antoninom/Documents/Java/Java/NetbeansProject/GuiMasterAuto/src/model/MyLibrary.java</file>
            <file>file:/C:/Users/antoninom/Documents/Java/Java/NetbeansProject/GuiMasterAuto/src/guimaster/Master.java</file>
            <file>file:/C:/Users/antoninom/Documents/Java/Java/NetbeansProject/GuiMasterAuto/src/guimaster/Stampa.java</file>
            <file>file:/C:/Users/antoninom/Documents/Java/Java/NetbeansProject/GuiMasterAuto/src/guimaster/GuiMaster.java</file>
        </group>
    </open-files>
</project-private>
