<?xml version="1.0" encoding="UTF-8"?>
<project-private xmlns="http://www.netbeans.org/ns/project-private/1">
    <editor-bookmarks xmlns="http://www.netbeans.org/ns/editor-bookmarks/2" lastBookmarkId="0"/>
    <open-files xmlns="http://www.netbeans.org/ns/projectui-open-files/2">
        <group>
            <file>file:/C:/Users/antoninom/Documents/Java/Java/NetbeansProject/02_OOP_EsameFinale_AntoninoMarco/src/pkg02_oop_esamefinale_antoninomarco/Main.java</file>
            <file>file:/C:/Users/antoninom/Documents/Java/Java/NetbeansProject/02_OOP_EsameFinale_AntoninoMarco/src/model/MyLibrary.java</file>
            <file>file:/C:/Users/antoninom/Documents/Java/Java/NetbeansProject/02_OOP_EsameFinale_AntoninoMarco/src/model/Cliente.java</file>
            <file>file:/C:/Users/antoninom/Documents/Java/Java/NetbeansProject/02_OOP_EsameFinale_AntoninoMarco/src/view/Master.java</file>
            <file>file:/C:/Users/antoninom/Documents/Java/Java/NetbeansProject/02_OOP_EsameFinale_AntoninoMarco/src/view/Visualizza.java</file>
        </group>
    </open-files>
</project-private>
